Name,School,Position,Drafted By,Age on Draft Day,Height (FIIE),Weight (lbs.),Arm Length (inches),Hand Span (inches),Bench Press (reps),40-yard Dash (seconds),10-yard Split (seconds),20-yard Split (seconds),20-yard Shuttle (seconds),Three-cone Drill (seconds),Vertical Jump (inches),Broad Jump (FFII),RAS,Production,Ranking,
Abdul Carter,Penn State,EDGE,,21.3,,,,,,,,,,,,,,9.50,1,
Travis Hunter,Colorado,CB,,21.9,6003,188,31.375,9.125,,,,,,,,,,10.00,2,
Ashton Jeanty,Boise State,RB,,21.4,5084,211,29.25,9.25,,,,,,,,,,9.80,3,
Mason Graham,Michigan,DL,,21.6,6034,296,32.00,9.125,24,,,,,,,,,9.30,4,
Tyler Warren,Penn State,TE,,22.9,6054,256,31.625,9.50,,,,,,,,,,9.80,5,
Jalon Walker,Georgia,LB,,21.2,6010,243,32.00,10.25,,,,,,,,,,7.10,6,
Jahdae Barron,Texas,CB,,23.4,5106,194,29.50,9.50,,4.39,1.55,2.56,,,35.0,1003,8.80,9.40,7,
Will Campbell,LSU,OT,,21.3,6057,319,32.50,9.50,,4.98,1.76,2.92,,,32.0,0905,9.89,8.40,8,
Colston Loveland,Michigan,TE,,21.0,6056,248,32.625,10.00,,,,,,,,,,8.60,9,
Cam Ward,Miami,QB,,22.9,6015,219,30.50,9.00,,,,,,,,,,8.50,10,
Armand Membou,Missouri,OT,,21.1,6042,332,33.50,9.625,31,4.91,1.74,2.84,,,34.0,0907,9.89,8.40,11,
Jihaad Campbell,Alabama,LB,,21.2,6027,235,32.50,10.50,,4.52,1.58,2.66,,,,1007,9.87,7.80,12,
Omarion Hampton,North Carolina,RB,,22.1,5116,221,30.50,9.375,18,4.46,1.53,2.57,4.40,,38.0,1010,9.68,8.40,13,
Will Johnson,Michigan,CB,,22.1,6016,194,30.125,9.125,,,,,,,,,,8.00,14,
Matthew Golden,Texas,WR,,21.7,5110,191,30.50,9.50,,4.29,1.47,2.49,,,,,,7.40,15,
Emeka Egbuka,Ohio State,WR,,22.5,6007,202,31.50,9.50,,,,,,,,,,7.80,16,
Tetairoa McMillan,Arizona,WR,,22.1,6041,219,31.50,10.00,,,,,,,,,,8.40,17,
Nick Emmanwori,South Carolina,S,,21.2,6031,220,32.50,9.00,20,4.38,1.53,2.57,,,43.0,1106,10.00,8.2,18,
Mykel Williams,Georgia,EDGE,,20.8,6051,260,34.375,10.25,,4.73,1.65,,,,,,,6.80,19,
Mike Green,Marshall,EDGE,,,6031,251,32.00,8.50,28,,,,,,,,,7.70,20,
Luther Burden III,Missouri,WR,,21.3,6000,206,31.25,8.50,,4.41,1.54,,,,,,,7.80,21,
Shedeur Sanders,Colorado,QB,,23.2,6014,212,31.50,9.375,,,,,,,,,,8.70,22,
James Pearce Jr,Tennessee,EDGE,,21.5,6052,245,32.625,10.00,,4.47,1.56,2.61,,,31.0,1003,9.39,8.10,23,
Grey Zabel,North Dakota State,OT,,23.1,6057,312,32.00,9.50,26,,,,,,36.5,0903,,9.10,24,
Malaki Starks,Georgia,S,,21.4,6007,197,31.50,9.50,,4.50,1.58,2.62,4.45,7.26,33.0,,5.13,7.8,25,
Kenneth Grant,Michigan,DL,,21.5,6035,331,33.50,10.125,22,,,,,,,,,7.50,26,
Tyler Booker,Alabama,OG,,21.0,6045,321,34.50,11.00,21,5.38,1.95,3.18,4.84,7.96,27.0,0710,3.61,8.10,27,
Shemar Stewart,Texas A&M,EDGE,,21.4,6050,267,34.125,9.625,,4.59,1.58,2.66,,,40.0,1011,10.00,6.40,28,
Derrick Harmon,Oregon,DL,,,6044,313,34.375,10.375,,4.95,1.74,2.89,,,,,,7.80,29,
Donovan Ezeiruaku,Boston College,EDGE,,21.6,6024,248,34.00,9.25,22,,,,4.19,6.94,35.5,0911,7.99,8.70,30,
Kelvin Banks Jr,Texas,OT,,21.1,6051,315,33.50,10.375,,5.16,1.78,3.00,4.66,7.81,32.0,0808,8.27,8.30,31,
Maxwell Hairston,Kentucky,CB,,21.7,5112,183,31.00,8.625,,4.28,1.53,2.51,,,39.5,1009,9.62,7.30,32,
TreVeyon Henderson,Ohio State,RB,,22.5,5101,202,30.625,9.50,,4.43,1.59,2.64,,,38.5,1008,8.82,8.30,33,
Walter Nolen,Ole Miss,DL,,21.5,6036,296,32.50,9.50,,,,,,,,,,8.60,34,
Josh Simmons,Ohio State,OT,,22.3,6047,317,33.00,10.00,,,,,,,,,,7.80,35,
Quinshon Judkins,Ohio State,RB,,21.5,5115,221,30.25,9.25,,4.48,1.58,2.61,,,38.5,1100,9.87,7.40,36,
Josh Conerly Jr,Oregon,OT,,21.5,6045,311,33.50,10.375,,5.05,1.70,2.87,,,34.5,0807,8.76,7.80,37,
Mason Taylor,LSU,TE,,21.0,6051,251,33.25,10.00,,,,,,,,,,7.60,38,
Donovan Jackson,Ohio State,OG,,22.4,6035,315,33.50,9.75,,,,,,,,,,7.30,39,
Darius Alexander,Toldeo,DL,,,6037,305,34.00,10.00,28,4.95,1.71,2.91,4.79,7.60,31.5,0903,9.13,8.30,40,
Jaxson Dart,Ole Miss,QB,,21.9,6022,233,30.00,9.50,,,,,,,,,,7.60,41,
Trey Amos,Ole Miss,CB,,23.1,6006,195,31.25,9.00,13,4.43,1.53,2.57,,,32.5,1006,8.85,6.80,42,
Azareye'h Thomas,Flordia State,CB,,20.8,6014,197,32.375,10.00,,,,,,,,1002,,7.30,43,
Elijah Arroyo,Miami,TE,,22.1,6051,250,33.00,10.00,22,,,,,,,,,7.30,44,
Joshua Farmer,Florida State,DL,,,6032,305,35.00,10.25,26,5.11,1.76,2.96,,,29.0,0904,7.85,6.80,45,
Benjamin Morrison,Notre Dame,CB,,21.1,6002,193,30.375,9.25,,,,,,,,,,8.00,46,
Carson Schwesinger,UCLA,LB,,,6024,242,31.50,9.25,20,,,,,,39.5,,,8.10,47,
Landon Jackson,Arkansas,EDGE,,22.3,6060,264,33.25,10.00,,4.68,1.65,2.72,,,40.5,1009,9.95,7.20,48,
Kaleb Johnson,Iowa,RB,,21.7,6010,224,33.00,9.50,,4.57,2.67,1.61,,,,,,7.70,49,
Marcus Mbow,Purdue,OT,,22.1,6041,303,32.00,10.50,,,,,4.67,,,,,7.00,50,
Nic Scourton,Texas A&M,EDGE,,20.7,6026,257,33.00,10.00,,,,,,,,,,7.40,51,
Tyleik Williams,Ohio State,DL,,22.2,6027,334,32.00,10.25,,,,,,,,,,8.00,52,
Darien Porter,Iowa State,CB,,24.3,6027,195,31.125,9.00,,4.30,1.51,2.54,4.04,6.71,36.5,1011,9.99,6.50,53,
J.T. Tuimoloau,Ohio State,EDGE,,22.0,6042,265,33.625,10.50,,,,,,,,,,8.20,54,
Alfred Collins,Texas,DL,,23.5,6055,332,34.50,10.00,,,,,,,26.0,0800,,7.40,55,
Aireontae Ersery,Minnesota,OT,,,6060,331,33.125,9.50,25,5.01,1.74,2.88,4.82,7.81,29.5,0903,9.36,7.50,56,
Xavier Watts,Notre Dame,S,,23.4,5116,204,31.125,8.50,,,,,,,,,,7.8,57,
Jonah Savaiinaea,Arizona,OT,,,6041,324,33.75,10.25,,4.95,1.72,2.87,4.66,,29.0,0810,9.11,6.60,58,
Shavon Revel Jr,East Carolina,CB,,23.0,6017,194,32.50,9.50,,,,,,,,,,7.60,59,
T.J. Sanders,South Carolina,DL,,21.7,6037,297,33.125,10.25,,,,,4.67,7.70,31.5,0904,8.54,7.60,60,
Princely Umanmielen,Ole Miss,EDGE,,23.0,6043,244,33.875,9.625,,4.72,1.61,2.73,4.46,7.33,38.0,1006,8.89,8.00,61,
Elic Ayomanor,Stanford,WR,,21.9,6016,206,32.375,10.00,,4.44,1.56,2.59,,,38.5,1007,9.78,7.30,62,
Jayden Higgins,Iowa State,WR,,22.4,6041,214,33.125,9.125,,4.47,1.54,2.62,,,39.0,1008,9.92,7.80,63,
Jack Sawyer,Ohio State,EDGE,,23.0,6042,260,31.625,9.625,,,,,,,,,,7.40,64,
Tre Harris,Ole Miss,WR,,23.2,6023,205,31.75,9.50,,4.54,1.57,2.65,,,38.5,1005,9.19,7.60,65,
Jordan Burch,Oregon,EDGE,,23.5,6041,279,33.00,9.50,,4.67,1.65,2.75,,,,,,7.00,66,
Jack Bech,TCU,WR,,23.2,6012,214,31.50,9.00,,,,,4.21,6.84,34.5,1005,9.46,6.80,67,
Omarr Norman-Lott,Tennessee,DL,,23.1,6017,291,33.625,10.625,,,,,,,31.5,0905,,6.70,68,
Cameron Williams,Texas,OT,,21.5,6056,317,34.50,11.375,,,,,,,,,,7.10,69,
Deone Walker,Kentucky,DL,,21.1,6073,331,34.25,10.50,,,,,,,25.0,0808,,7.70,70,
Jalen Royals,Utah State,WR,,22.2,6000,205,30.125,9.50,13,4.42,1.53,2.56,,,,,9.23,7.60,71,
Dylan Sampson,Tennessee,RB,,20.6,5081,200,30.50,8.625,13,,,,,,35.0,1004,,7.80,72,
Harold Fannin Jr,Bowling Green,TE,,20.8,6032,241,32.25,9.25,22,4.71,1.66,2.75,4.39,6.97,34.0,0910,7.65,9.00,73,
Jalen Milroe,Alabama,QB,,22.4,6017,217,30.50,9.375,,,,,,,,,,7.50,74,
Bradyn Swinson,LSU,EDGE,,,6035,255,33.375,9.75,,,,,4.33,7.13,,,,7.20,75,
Jaylin Noel,Iowa State,WR,,,5102,194,29.50,8.625,23,4.39,1.52,2.55,4.17,6.82,41.5,1102,9.72,8.00,76,
Kyle Kennard,South Carolina,EDGE,,23.4,6040,254,34.00,9.625,23,4.73,1.63,2.74,,,,,8.47,7.50,77,
Tate Ratledge,Georgia,OG,,24.0,6064,308,32.25,10.375,,4.97,1.72,2.89,,7.38,32.0,0905,9.98,7.60,78,
Ozzy Trapilo,Boston College,OT,,,6081,316,33.00,10.375,22,5.21,1.76,2.98,4.70,7.71,,0810,8.85,6.40,79,
Tez Johnson,Oregon,WR,,22.9,5097,154,29.375,9.00,,4.51,1.58,2.66,4.15,6.65,37.0,1011,7.18,7.40,80,
Jared Wilson,Georgia,C,,21.9,6030,310,32.375,10.625,,4.84,1.71,2.86,4.56,,32.0,0904,9.98,8.20,81,
Jared Ivey,Ole Miss,EDGE,,23.4,6057,274,33.50,9.125,,,,,,,,,,6.80,82,
Andrew Mukuba,Texas,S,,22.4,5112,186,30.00,9.00,,4.45,1.57,2.60,,,,,,7.2,83,
Shemar Turner,Texas A&M,DL,,22.3,6031,290,33.50,10.25,,,,,,,,,,7.10,84,
Jordan Phillips,Maryland,DL,,,6015,312,31.50,9.625,29,,,,4.65,8.19,31.0,0900,6.68,5.60,85,
Wyatt Milum,West Virginia,OG,,23.3,6064,313,32.125,10.25,,5.27,1.83,3.08,4.69,,30.0,0900,8.91,8.10,86,
Josaiah Stewart,Michigan,EDGE,,22.0,6010,249,31.75,9.50,,,,,,,,,,8.10,87,
Cam Skattebo,Arizona State,RB,,23.2,5094,219,29.75,9.375,,,,,,,39.5,1003,,9.30,88,
Isaiah Bond,Texas,WR,,21.1,5105,180,30.50,8.50,,4.39,1.58,2.60,,,,,,6.50,89,
Will Howard,Ohio State,QB,,23.6,6042,236,32.00,9.00,,,,,4.33,7.13,31.5,0904,8.75,7.30,90,
Gunnar Helm,Texas,TE,,22.6,6050,241,32.625,9.75,,4.84,1.70,2.84,4.40,7.15,30.0,,4.16,8.00,91,
Quinn Ewers,Texas,QB,,22.1,6021,214,30.675,9.375,,,,,,,,,,6.90,92,
Aeneas Peebles,Virginia Tech,DL,,23.6,6004,282,31.375,9.625,,4.94,1.74,2.89,4.70,,32.5,0901,7.00,6.60,93,
Savion Williams,TCU,WR,,23.4,6037,222,32.50,10.25,,4.48,1.53,2.54,,,,,,7.20,94,
Kevin Winston Jr.,Penn State,S,,21.4,6014,215,32.50,9.50,,,,,,,,,,6.0,95,
Xavier Restrepo,Miami,WR,,23.0,5097,209,29.375,9.125,17,,,,,,,,,7.40,96,
Terrance Ferguson,Oregon,TE,,22.2,6053,247,32.75,9.25,,4.63,1.61,2.67,,,39.0,1002,9.84,7.50,97,
Chris Paul Jr,Ole Miss,LB,,22.5,6007,222,29.75,9.375,,4.63,1.58,2.69,,,36.0,0909,7.42,7.10,98,
Barrett Carter,Clemson,LB,,22.5,6001,231,32.125,9.25,22,4.64,1.59,,4.41,,34.5,0908,6.97,7.20,99,
Cobee Bryant,Kansas,CB,,,6000,180,31.25,9.25,,4.53,1.56,2.60,,,,,,7.70,100,
CJ West,Indiana,DL,,,6011,316,31.50,9.625,28,4.95,1.73,2.87,,,33.0,,9.14,6.60,101,
Ashton Gillotte,Louisville,EDGE,,,6025,264,31.875,8.50,24,,,,,,36.5,1000,,7.20,102,
Ollie Gordon II,Oklahoma State,RB,,21.3,6013,226,32.625,9.50,,4.61,1.62,2.72,,,34.5,1000,7.42,7.10,103,
Devin Neal,Kansas,RB,,21.7,5111,213,29.50,8.50,,4.58,1.63,2.68,,,37.5,1004,7.85,7.80,104,
Demetrius Knight Jr,South Carolina,LB,,25.3,6015,235,32.50,10.00,22,4.58,1.63,2.69,4.25,7.12,31.5,0910,8.07,7.10,105,
Oluwafemi Oladejo,UCLA,EDGE,,,6032,259,33.375,9.625,20,,,,,,36.5,1000,,6.70,106,125.3
Jeffrey Bassa,Oregon,LB,,,6011,232,31.375,9.25,21,4.63,1.67,2.73,,7.34,38.5,0910,6.67,6.50,107,
Tyler Shough,Lousiville,QB,,,6047,219,30.625,9.675,,4.63,1.59,2.69,,,32.0,0909,9.71,5.80,108,
Charles Grant,William & Mary,OT,,,6047,311,34.625,10.25,19,,,,,,,,,8.60,109,
RJ Harvey,UCF,RB,,,5080,205,29.00,9.00,16,4.40,1.52,2.54,4.34,,38.0,1007,8.40,8.60,110,
Emery Jones Jr.,LSU,OT,,,6052,315,34.25,10.625,,,,,,,,,,6.10,111,
Quincy Riley,Louisville,CB,,,5105,194,31.00,8.50,,4.48,1.60,2.64,,,,,,7.10,112,
Zy Alexander,LSU,CB,,,6013,187,31.00,9.25,,4.56,1.60,2.68,,,31.5,0908,3.4,7.10,113,
Anthony Belton,NC State,OT,,,6060,336,33.75,10.25,,5.26,1.82,3.04,,7.77,29.5,0811,8.14,7.30,114,
Dorian Strong,Virginia Tech,CB,,,6010,185,30.75,9.25,15,4.50,1.57,2.61,,,36.0,0908,6.98,6.20,115,
Danny Stutsman,Oklahoma,LB,,,6032,233,32.125,9.00,,4.52,1.56,2.63,,,34.0,,9.58,7.20,116,
Jacob Parrish,Kansas State,CB,,,5096,191,30.75,9.00,12,4.35,1.54,2.55,,,37.5,1009,8.74,6.80,117,
Damien Martinez,Miami,RB,,,5115,217,30.50,9.50,,4.51,1.58,2.63,,,35.0,1004,9.36,7.50,118,
Lathan Ransom,Ohio State,S,,,6002,206,30.50,8.50,,,,,,,,,,6.6,119,
Denzel Burke,Ohio State,CB,,,5112,186,31.375,8.625,,4.48,1.56,2.61,,,,,,6.90,120,
Tory Horton,Colorado State,WR,,,6024,196,30.50,9.00,,4.41,1.53,2.56,,,37.5,,9.79,6.90,121,
Barryn Sorrell,Texas,EDGE,,,6032,256,33.25,9.25,28,4.68,1.65,2.75,4.36,7.06,34.0,1001,9.25,6.40,122,
Zah Frazier,UTSA,CB,,,6027,186,32.75,8.25,,4.36,1.47,2.54,4.26,7.00,36.5,1006,9.43,6.30,123,
DJ Giddens,Kansas State,RB,,,6002,212,30.375,9.25,,4.43,1.49,2.54,4.33,,39.5,1010,9.89,7.70,124,
Ty Robinson,Nebraska,DL,,,6051,288,32.25,10.00,28,4.83,1.70,2.80,4.50,7.58,33.5,0911,9.86,7.00,125,
J.J. Pegues,Ole Miss,DL,,,6024,309,32.50,9.375,,5.15,1.81,3.02,,,27.5,,4.38,6.70,126,
Billy Bowman Jr.,Oklahoma,S,,,5097,192,28.50,8.50,17,4.42,1.56,2.59,,,35.5,1003,7.52,7.00,127,
Sebastian Castro,Iowa,S,,,5112,203,30.625,10.50,,4.59,1.60,2.66,4.34,,30.5,0909,4.48,7.30,128,
David Walker,Central Arkansas,EDGE,,,6007,263,31.875,9.25,26,4.69,1.65,2.74,4.39,7.15,35.0,0910,8.53,6.90,129,
Elijah Roberts,SMU,EDGE,,,6035,285,33.50,10.25,,4.78,1.67,2.78,,,31.5,0908,8.07,6.90,130,
Nohl Williams,California,CB,,,6003,199,30.625,9.00,19,4.50,1.61,2.66,,,,1000,7.02,8.00,131,
Jonas Sanker,Virginia,S,,,6003,206,32.25,9.625,12,4.48,1.61,2.63,,,36.5,1008,8.20,7.10,132,
Brashard Smith,SMU,RB,,,5097,194,30.50,8.625,,4.39,1.54,2.57,,,32.5,0909,7.02,7.40,133,
Smael Mondon Jr,Georgia,LB,,,6022,224,31.625,9.625,,4.58,1.56,2.66,,,,1010,9.38,7.00,134,
Tyler Baron,Miami,EDGE,,,6045,258,33.125,10.00,19,4.62,1.61,2.69,,,35.5,1001,9.33,6.80,135,
Ajani Cornelius,Oregon,OT,,,6045,310,33.50,9.50,,,,,,,,,,6.90,136,
Sai'vion Jones,LSU,EDGE,,,6053,280,33.50,10.00,19,,,,,,33.0,0911,,6.30,137,
Bhayshul Tuten,Virginia Tech,RB,,,5092,206,29.50,9.00,,4.32,1.48,2.50,4.41,,40.5,1010,9.32,7.20,138,
Miles Frazier,LSU,OG,,,6055,317,32.625,9.00,27,5.24,1.79,3.01,,,31.0,0900,9.57,6.70,139,
Tai Felton,Maryland,WR,,,6011,183,30.00,9.00,,4.37,1.54,2.53,,,39.5,1010,9.61,7.40,140,
Antwaun Powell-Ryland,Virginia Tech,EDGE,,,6025,258,31.25,9.50,,4.69,1.63,2.72,,,36.5,1004,9.11,8.00,141,
Mitchell Evans,Notre Dame,TE,,,6053,241,32.00,9.50,,4.74,1.66,2.76,4.40,7.25,31.0,0907,7.61,7.00,142,
Vernon Broughton,Texas,DL,,,6050,311,35.00,9.25,,,,,,,,,,6.60,143,
Pat Bryant,Illinois,WR,,,6022,204,31.125,9.50,,4.61,1.62,2.69,,,37.5,1004,6.92,7.10,144,
Dillon Gabriel,Oregon,QB,,,5111,205,29.50,9.25,,,,,,,,,,7.80,145,
Jamaree Caldwell,Oregon,DL,,,6021,332,32.00,9.375,,5.16,1.86,3.05,,,27.0,,3.41,6.50,146,
Riley Leonard,Notre Dame,QB,,,6036,216,31.50,9.5,,,,,,,,,,6.20,147,
Seth McLaughlin,Ohio State,C,,,6040,304,31.00,9.50,,,,,,,,,,7.30,148,
Upton Stout,Western Kentucky,CB,,,6010,181,30.00,9.00,21,4.44,1.56,2.59,4.29,,37.5,1008,7.51,6.40,149,
Jake Briningstool,Clemson,TE,,,6055,241,31.375,8.50,,4.75,1.66,2.77,,,31.0,0907,6.20,7.00,150,
Jah Joyner,Minnesota,EDGE,,,6042,262,34.00,9.375,,4.60,1.67,2.75,4.68,7.33,30.0,,6.73,5.90,151,
Jarquez Hunter,Auburn,RB,,,5093,204,30.00,9.50,21,4.44,1.57,2.59,,,33.5,1000,7.98,7.20,152,
Ty Hamilton,Ohio State,DL,,,6027,299,32.25,10.125,,,,,,,,,,6.80,153,
Kyle McCord,Syracuse,QB,,,6030,218,31.00,9.5,,,,,,,,,,6.90,154,
Kyle Williams,Washington State,WR,,,5105,190,30.125,8.625,,4.40,1.60,2.63,,,36.5,0911,6.24,7.60,155,
Mello Dotson,Kansas,CB,,,6005,192,31.50,8.50,,4.59,1.60,2.68,,,34.5,1003,5.72,7.00,156,
LeQuint Allen,Syracuse,RB,,,6001,204,32.00,10.125,,,,,,,35.0,1000,,6.00,157,
Trevor Etienne,Georgia,RB,,,5086,198,29.25,9.50,15,4.42,1.54,2.58,,,35.0,1004,7.48,6.20,158,
Jalen Rivers,Miami,OT,,,6056,319,34.75,10.00,23,5.29,1.85,3.07,,,,0900,6.49,6.70,159,
Jack Kiser,Notre Dame,LB,,,6015,231,30.375,9.00,,,,,,,,,,6.50,160,
Kalel Mullings,Michigan,RB,,,6014,226,31.625,10.00,,,,,,,,,,5.60,161,
Dylan Fairchild,Georgia,OG,,,6052,318,33.00,10.00,,,,,,,27.5,0903,,7.30,162,
Malachi Moore,Alabama,S,,,5112,196,29.50,9.00,,,,,,,,,,7.20,163,
Logan Brown,Kansas,OT,,,6063,311,33.75,10.00,26,5.18,1.75,2.98,4.51,7.75,32.0,0903,9.45,7.00,164,
Chase Lundt,"Connecticut
",OT,,,6074,304,32.50,9.50,20,,,,,,,,,6.40,165,
Tyler Batty,Brigham Young,EDGE,,,6055,271,33.125,9.375,27,4.78,1.69,2.81,4.54,7.21,34.0,1000,8.69,6.20,166,
Bilhal Kone,Western Michigan,CB,,,6012,190,30.75,9.00,,4.43,1.55,2.60,,,,1004,7.69,6.00,167,
Jaylin Smith,USC,CB,,,5084,187,29.75,9.25,15,4.45,1.64,2.64,,,32.5,1002,4.73,6.80,168,
Kobe Hudson,UCF,WR,,,6006,193,30.50,9.00,,4.57,1.62,2.69,,,35.0,1002,4.92,6.60,169,
Clay Webb,Jacksonville State,OG,,,6032,312,32.00,10.00,29,5.11,1.78,,4.90,,31.0,0811,9.03,8.20,170,
Jaydon Blue,Texas,RB,,,5090,196,29.75,8.25,,4.38,1.52,,,,,,,7.10,171,
Nick Martin,Oklahoma State,LB,,,5115,221,31.625,9.25,,4.53,1.54,,,,38.0,1003,8.88,7.00,172,
Oronde Gadsden II,Syracruse,TE,,,6045,243,33.375,10.00,,,,,,,34.0,0906,,7.80,173,
Jamon Dumas-Johnson,Kentucky,LB,,,6006,238,32.00,9.50,,,,,,,,,,6.40,174,
Cody Simon,Ohio State,LB,,,6021,229,31.25,9.625,,,,,,,,,,6.60,175,
Caleb Ransaw,Tulane,CB,,,5113,197,30.625,9.625,16,4.33,1.52,,,,,1009,9.95,5.50,176,
Jonah Monheim,USC,C,,,6041,302,30.125,9.25,,,,,,,,,,6.90,177,
Tyrion Ingram-Dawkins,Georgia,DL,,,6046,276,33.50,9.625,,4.86,1.69,,4.34,7.28,36.0,1004,9.93,5.90,178,
BJ Adams,UCF,CB,,,6016,182,31.325,8.625,,4.43,1.60,,,,,0909,4.77,5.50,179,
Kyle Monangai,Rutgers,RB,,,5082,211,38.625,9.00,,4.60,1.54,,,,34.5,,4.94,6.30,180,
Jackson Slater,Sacramento State,OG,,,6030,311,32.00,10.00,31,5.01,1.78,,,,28.5,0900,9.36,7.20,181,
Woody Marks,USC,RB,,,5101,207,29.125,9.00,18,4.54,1.57,,4.24,,35.0,1004,7.19,6.10,182,
Jack Nelson,Wisconsin,OT,,,6070,314,33.50,10.00,,,,,,,,,,6.40,183,
Kaimon Rucker,North Carolina,EDGE,,,6010,254,32.50,10.0,27,,,,,,,,,7.00,184,
Kobe King,Penn State,LB,,,6005,236,31.25,9.50,,,,,,,,,,6.90,185,
Jaylen Reed,Penn State,S,,,5115,211,30.375,9.00,19,4.49,1.51,,,,33.5,,8.39,6.0,186,
Ricky White III,UNLV,WR,,,6011,184,31.625,9.25,,4.61,1.55,,,,36.0,1003,6.12,7.80,187,
Rylie Mills,Notre Dame,DL,,,6053,291,32.50,9.75,,,,,,,,,,7.30,188,
Tahj Brooks,Texas Tech,RB,,,5092,214,30.375,9.125,16,4.52,1.56,,4.06,6.90,35,1000,8.28,7.20,189,
Jermari Harris,Iowa,CB,,,6004,191,31.375,9.625,,,,,,,,1000,,6.10,190,
Jordan James,Oregon,RB,,,5094,205,29.625,9.50,,4.55,1.62,,,,,,6.04,7.00,191,
Tonka Hemingway,South Carolina,DL,,,6027,284,33.00,9.00,,,,,4.48,7.36,32.0,0904,8.84,6.10,192,
Seth Henigan,Memphis,QB,,,6030,215,32.00,9.00,,4.76,1.60,,4.44,7.34,31.5,0906,7.11,6.90,193,
Cam Jackson,Florida,DL,,,6062,328,34.125,9.50,,5.17,1.81,,,,24.5,0709,4.48,6.00,194,
Yahya Black,Iowa,DL,,,6056,336,35.00,10.25,,5.39,1.88,,4.72,7.63,25.5,0805,3.46,6.00,195,
Caleb Rogers,Texas Tech,OG,,,6045,312,32.375,9.625,,5.10,1.78,,4.49,7.43,34.0,0903,9.43,5.40,196,
Hunter Wohler,Wisconsin,S,,,6020,213,30.50,9.25,,4.57,1.54,,4.25,6.72,37.0,1000,9.55,6.4,197,
Tommi Hill,Nebraska,CB,,,6004,213,32.75,9.00,,,,,,,,,,5.90,198,
Jay Higgins,Iowa,LB,,,5116,224,31.00,9.50,,4.82,1.64,,4.35,7.01,33.0,0902,3.61,7.20,199,
John Williams,Cincinnati,OT,,,6041,322,33.75,11.00,29,5.17,1.80,,4.72,7.93,,,7.51,6.70,200,
Joshua Gray,Oregon State,OG,,,6051,299,31.375,9.50,,5.04,1.73,,,,31.0,0808,9.50,7.20,201,
Luke Kandra,Cincinnati,OG,,,6046,319,31.75,10.00,33,,,,,,,,,7.70,202,
Alijah Huzzie,North Carolina,CB,,,5096,193,29.50,8.50,,,,,,,,,,6.50,203,
Fadil Diggs,Syracruse,EDGE,,,6043,257,33.375,10.375,,4.57,1.60,,,,30.5,1001,9.29,6.50,204,
Justin Walley,Minnesota,CB,,,5101,190,30.625,10.00,,4.40,1.52,,,,,,,6.30,205,
Howard Cross III,Notre Dame,DL,,,6013,285,32.25,10.50,,,,,,,29.0,0808,,7.20,206,
Jalen Travis,Iowa State,OT,,,6076,339,34.75,10.50,26,5.14,1.80,,,,35.0,0904,9.90,6.00,207,
Kaden Prather,Maryland,WR,,,6034,204,31.75,9.25,,4.46,1.53,,,,30.0,0906,7.40,6.10,208,
Jimmy Horn Jr.,Colorado,WR,,,5081,174,30.375,8.625,,4.46,1.54,,4.41,,38.0,1008,6.11,5.80,209,
Jackson Hawes,Georgia Tech,TE,,,6044,253,32.125,9.125,16,4.82,1.56,,4.40,,34.5,1001,7.14,6.30,210,
Francisco Mauigoa,Miami,LB,,,6014,233,31.625,10.25,,4.60,1.56,,4.24,7.15,35.0,1001,9.31,6.50,211,
Craig Woodson,California,S,,,6001,200,30.50,8.625,13,4.45,1.53,,,,36.0,1007,8.82,6.20,212,
Nick Nash,San Jose St.,WR,,,6024,203,31.00,8.625,,4.57,1.54,,,,34.0,1003,,7.20,213,
Jordan Hancock,Ohio State,CB,,,6001,195,30.625,8.50,,,,,,,,,,5.90,214,
Shemar James,Florida,LB,,,6010,222,31.50,8.50,,4.69,1.56,,4.27,7.09,32.0,0909,6.98,6.00,215,
Connor Colby,Iowa,OG,,,6056,309,32.00,10.00,,,,,4.63,7.78,28.5,0902,9.62,5.60,216,
Teddye Buchanan,California,LB,,,6017,233,31.375,9.375,26,4.60,1.59,,,,40.0,1005,9.77,6.10,217,
Brandon Crenshaw-Dickson,Florida,OT,,,6072,316,34.00,10.50,,5.33,1.87,,4.91,8.15,24.5,0800,3.10,6.60,218,
O'Donnell Fortune,South Carolina,CB,,,6006,185,31.50,9.25,,,,,,,,0909,,6.30,219,
Mac McWilliams,UCF,CB,,,5102,191,29.75,8.375,,4.41,1.52,,,,,,8.04,6.30,220,
KeAndre Lambert-Smith,Auburn,WR,,,6006,190,32.50,9.125,,4.37,1.53,,,,34.0,1004,,6.70,221,
Cody Lindenberg,Minnesota,LB,,,6021,236,32.625,9.00,,,,,,,,,,6.10,222,
Jaylin Lane,Virginia Tech,WR,,,5096,191,31.675,9.75,14,4.34,1.50,,4.12,6.75,40.0,1100,9.56,6.40,223,
Robert Longerbeam,Rutgers,CB,,,5110,175,31.50,8.50,,4.39,1.50,,,,,1102,8.78,6.10,224,
Phil Mafah,Clemson,RB,,,6005,234,31.375,9.50,,,,,,,,,,5.50,225,
Theo Wease Jr.,Missouri,WR,,,6030,200,32.125,9.50,,4.56,1.56,,,,31.0,0909,6.35,6.50,226,
Tim Smith,Alabama,DL,,,6043,302,33.00,10.375,,,,,,,,,,5.30,227,
Nazir Stackhouse,Georgia,DL,,,6036,327,32.50,10.25,,5.15,1.80,,,,27.5,0809,6.43,5.20,228,
Carson Vinson,Alabama A&M,OT,,,6071,314,34.50,10.25,,5.12,1.80,,,7.51,28.5,0903,,6.40,229,
Luke Lachey,Iowa,TE,,,6056,251,32.125,10.00,,,,,4.47,7.18,35.0,1000,,6.20,230,
Xavier Truss,Georgia,OG,,,6071,309,33.00,10.50,,5.24,1.82,,,,26.0,0807,7.81,5.40,231,
Corey Kiner,Cinncinnati,RB,,,5085,209,30.50,7.625,19,4.57,1.59,,,,,,5.05,5.80,232,
Kitan Crawford,Nevada,S,,,5105,202,31.00,9.50,18,4.41,1.52,,,,41.5,1008,9.9,6.2,233,
Hollin Pierce,Rutgers,OT,,,6083,341,36.00,9.75,,,,,,,,,,6.00,234,
Chimere Dike,Florida,WR,,,6005,196,32.125,9.125,,4.34,1.51,,4.27,6.82,38.5,1008,9.65,6.00,235,
Donovan Edwards,Michigan,RB,,,5113,205,30.00,10.00,23,4.44,1.51,,,,38.5,,9.68,5.40,236,
Eugene Asante,Auburn,LB,,,6005,223,30.25,8.25,21,4.48,1.52,,,,,,,6.20,237,
Isaac TeSlaa,Arkansas,WR,,,6035,214,31.125,10.00,17,4.43,1.51,,4.05,6.85,39.5,1009,9.97,5.30,238,
Thomas Fidone II,Nebraska,TE,,,6050,243,34.00,10.50,,4.70,1.57,,4.29,7.01,35.5,1006,9.37,6.30,239,
Zeek Biggers,Georgia Tech,DL,,,6054,321,34.75,10.25,,5.14,1.74,,,,34.5,0903,9.54,5.30,240,
Collin Oliver,Oklahoma State,LB,,,6017,240,30.625,9.50,,4.56,1.57,,,,39.0,1006,,6.90,241,
Jake Majors,Texas,C,,,6033,306,30.375,9.75,25,,,,,,,,,5.90,242,
Shaun Dolac,Buffalo,LB,,,6000,223,,,25,4.55,1.58,,4.21,6.94,35.5,1001,9.01,,,
Marcus Yarns,Delaware,RB,,,5107,193,31.125,9.125,,4.45,1.55,,,,37.5,1002,8.95,7.00,243,
Kurtis Rourke,Indiana,QB,,,6042,220,30.25,9.375,,,,,,,,,,6.60,244,
Drew Kendall,Boston College,C,,,6042,308,31.625,9.50,20,,,,4.51,7.56,,,9.09,6.60,245,
CJ Dippre,Alabama,TE,,,6047,256,33.25,9.50,32,4.69,1.56,,,,34.5,1000,9.62,6.30,246,
Dante Trader Jr.,Maryland,S,,,5107,196,31.25,8.75,12,,,,4.32,7.09,31.0,0909,2.13,5.9,247,
Raheim Sanders,South Carolina,RB,,,6000,217,31.50,9.25,,4.46,1.55,,,,36.5,,9.87,7.30,248,
Ahmed Hassanein,Boise State,EDGE,,,6023,267,32.25,9.00,27,4.77,1.70,,,,32.5,0905,6.39,6.90,249,
Eric Gregory,Arkansas,DL,,,6032,319,33.00,9.50,28,5.14,1.76,,4.97,7.68,27.0,0900,6.34,6.00,250,
Arian Smith,Georgia,WR,,,6001,179,31.25,9.00,,4.36,1.51,,4.19,6.82,38.0,1007,9.43,6.20,251,
Efton Chism III,Eastern Washington,WR,,,5101,195,,,16,4.71,1.62,,4.06,6.77,34.5,0910,4.78,,,
Antwane Wells Jr.,Ole Miss,WR,,,6006,201,31.50,8.75,,4.58,1.53,,,,34.0,1004,7.37,6.70,252,
Ja'Corey Brooks,Louisville,WR,,,6020,184,31.625,9.00,,,,,,,,,,6.80,253,
Jason Marshall Jr.,Florida,CB,,,6003,194,30.25,9.25,,4.49,1.55,,,,,1005,9.03,5.60,254,
Isas Waxter,Villanova,CB,,,6012,209,31.625,9.50,,4.56,1.53,,,,,1004,8.01,7.10,255,
Junior Tafuna,Utah,DL,,,6034,308,32.50,10.50,24,5.03,1.80,,,,28.5,,7.45,5.50,256,
Dont'e Thornton Jr.,Tennessee,WR,,,6045,205,32.125,9.50,,4.30,1.51,,,,33.0,1006,9.83,6.20,257,
Jared Harrison-Hunte,Georgia,DL,,,6033,290,33.00,9.125,,4.86,1.69,,,,32.0,0903,9.66,6.80,258,
Jabbar Muhammad,Oregon,CB,,,5091,182,28.50,9.00,13,,,,4.19,7.01,,,2.33,6.40,259,
Garrett Dellinger,LSU,OG,,,,,,,,,,,,,,,,7.00,260,
Gavin Bartholomew,Pittsburgh,TE,,,6045,246,31.375,9.75,,4.70,1.59,,,,,,,6.70,261,
Brant Kuithe,Utah,TE,,,6020,236,31.50,10.50,,,,,,,,,,7.50,262,
Cam Horsley,Boston College,DL,,,6026,312,33.00,9.50,,,,,,,31.5,0900,,5.90,263,
Sam Brown Jr.,Miami,WR,,,6022,200,31.50,9.38,,4.44,1.52,,,,41.5,,9.87,5.80,264,
Eli Cox,Kentucky,OC,,,6042,306,31.00,9.25,,,,,4.58,7.63,32.5,0901,9.95,5.90,265,
Rayuan Lane III,Navy,S,,,5107,200,30.25,9.625,,4.57,1.56,,4.28,7.10,37.0,1004,6.72,6.2,266,
Marques Sigle,Kansas State,S,,,5113,199,30.625,9.25,,4.37,1.50,,,,38.0,1010,9.54,7.1,267,
Ja'Quinden Jackson,Arkansas,RB,,,6014,229,33.00,9.50,,,,,4.36,7.19,32.0,0911,7.25,6.20,268,
Warren Brinson,Georgia,DL,,,6052,315,33.50,10.375,,5.09,1.76,,,,31.0,0907,9.33,6.50,269,
Bru McCoy,Tennessee,WR,,,6024,209,32.125,10.00,,,,,,,,,,5.90,270,
Jay Toia,UCLA,DL,,,6020,345,32.50,10.00,,,,,,,,,,5.20,271,
Jalin Conyers,Texas Tech,TE,,,6034,260,31.50,9.75,,4.74,1.62,,4.27,6.94,35.5,1001,9.24,6.90,272,
Jalen McLeod,Auburn,LB,,,6014,241,32.25,9.625,,,,,,,,,,6.20,273,
Hayden Conner,Texas,OG,,,6060,314,33.25,9.50,,,,,4.88,7.90,,,,5.90,274,
Maxen Hook,Toledo,S,,,6004,202,31.50,9.125,,4.55,1.55,,,,34.5,1004,8.22,6.3,275,
Traeshon Holden,Oregon,WR,,,6021,205,31.50,9.75,,4.57,1.54,,,,32.0,1003,6.43,6.40,276,
Brady Cook,Missouri,QB,,,6021,214,32.50,9.50,,4.59,1.53,,4.17,7.01,37.0,1008,9.68,6.50,277,
R.J. Mickens,Clemson,S,,,6000,199,32.25,8.75,,4.49,1.55,,,,41.5,1001,8.51,6.8,278,
Da'Quan Felton,Virginia Tech,WR,,,6042,213,32.25,9.00,,4.50,1.52,,4.30,7.10,32.5,1002,8.21,6.10,279,
Torricelli Simpkins III,South Carolina,OG,,,6045,312,32.375,10.125,,5.45,1.84,,,,29.0,0902,7.19,6.00,280,
Dominic Lovett,Georgia,WR,,,5100,185,31.375,9.25,,4.40,1.53,,,,33.5,1000,6.77,6.50,281,
Graham Mertz,Florida,QB,,,6033,212,31.25,9.625,,,,,,,,,,5.70,282,
Malik Verdon,Iowa State,S,,,6035,218,32.50,9.50,,,,,,,,,,6.30,283,
Konata Mumpfield,Pittsburgh,WR,,,5113,186,29.375,8.50,,4.59,1.54,,,,36.0,1004,6.01,6.40,284,
Tyreem Powell,Rutgers,LB,,,6045,239,34.50,9.00,,,,,,,,,,5.60,285,
Ethan Downs,Oklahoma,EDGE,,,6036,269,31.00,10.50,32,4.69,1.62,,4.59,7.58,34.0,0911,8.64,5.80,286,
Alijah Clark,Syracruse,S,,,6006,188,30.75,9.50,,4.50,1.53,,4.03,6.81,33.0,1002,6.99,5.9,287,
Karene Reid,Utah,LB,,,,,,,,,,,,,,,,6.10,288,
Andrew Armstrong,Arkansas,WR,,,6036,202,32.125,9.50,11,4.51,1.53,,4.18,6.97,37.5,1004,9.06,7.00,289,
Joshua Simon,South Carolina,TE,,,6041,239,33.75,10.125,,4.65,1.58,,4.40,7.22,38.0,1004,8.68,7.40,290,
Roc Taylor,Memphis,WR,,,6017,213,32.25,9.00,,4.49,1.53,,,,30.5,1002,8.55,6.10,291,
Jailin Walker,Indiana,LB,,,6005,218,,,,4.38,,,,,35.0,1007,,,292,
Tommy Akingbesote,Maryland,DL,,,6036,306,33.50,10.00,,5.09,1.77,,,,28.0,0807,6.18,6.20,293,
Bam Martin-Scott,South Carolina,LB,,,6016,231,32.00,8.625,,4.63,1.60,,4.53,7.26,33.5,1002,7.41,6.40,294,
Bryson Nesbit,North Carolina,TE,,,6050,238,31.625,9.50,,4.88,1.61,,,,32.5,0904,3.59,6.70,295,
Jackson Woodard,UNLV,LB,,,6020,234,31.00,9.00,21,,,,,,,,,7.00,296,
Josh Kelly,Texas Tech,WR,,,6005,186,30.75,10.50,,4.70,1.56,,,7.02,33.0,1001,2.55,6.90,297,
Jacolby George,Miami,WR,,,5110,172,31.375,9.50,,,,,,6.77,32.5,1000,,6.70,298,
Carson Bruener,Washington,LB,,,6007,227,31.625,9.25,,4.58,1.57,,,,33.5,0911,8.20,6.40,299,
Elijhah Badger,Florida,WR,,,6013,200,32.375,9.50,,4.43,1.53,,,,35.5,,9.44,6.80,300,
LaJohntay Wester,Colorado,WR,,,5095,163,29.625,8.50,,4.46,1.53,,,,32.0,1001,4.90,6.60,301,
Jordan Watkins,Ole Miss,WR,,,5112,196,29.375,9.125,,4.37,1.53,,,,36.5,0911,8.77,6.50,302,
Isaiah Neyor,Nebraska,WR,,,6042,218,34.375,9.50,,4.40,1.51,,,,38.0,1101,10.00,6.40,303,
Branson Taylor,Pittsburgh,OT,,,6060,321,32.625,9.625,,,,,,,,,,6.20,304,
Marcus Tate,Clemson,OG,,,6052,321,32.625,9.00,,,,,,,,,,6.10,305,
Myles Hinton,Michigan,OT,,,6066,323,34.125,10.25,,,,,4.96,,31.5,,,5.20,306,
Marcus Harris,California,CB,,,5106,189,29.625,8.75,,4.45,1.52,,,,,,,6.20,307,
Ulysses Bentley IV,Ole Miss,RB,,,5097,201,29.00,8.50,,4.62,1.59,,,,32.5,0909,3.65,5.20,308,
Beaux Collins,Notre Dame,WR,,,6030,201,31.50,9.50,,,,,,,,,,5.80,309,
Power Echols,North Carolina,LB,,,5111,237,30.50,9.125,,4.73,1.59,,4.56,7.60,37.0,0907,4.64,6.00,310,
Joe Huber,Wisconsin,OG,,,6051,310,32.25,9.625,,5.20,1.80,,4.78,7.69,28.0,0810,8.84,6.30,311,
Daniel Jackson,Minnesota,WR,,,5106,193,30.625,9.00,,,,,4.07,6.78,,,,6.60,312,
Montrell Johnson Jr.,Florida,RB,,,5113,212,30.625,9.25,,4.41,1.55,,4.29,,35.5,1003,9.56,5.20,313,
Steve Linton,Baylor,EDGE,,,6036,242,34.25,9.00,21,,,,,,32.5,1004,6.13,6.00,314,
Jahvaree Ritzie,North Carolina,DL,,,6042,294,33.25,10.25,26,,,,,,35.5,0906,,6.10,315,
Payton Page,Clemson,DL,,,6032,290,31.375,10.00,,,,,,,33.0,0908,,5.80,316,
Robbie Ouzts,Alabama,TE,,,6030,274,31.25,9.625,26,4.91,1.64,,4.45,7.34,34.0,0911,5.6,5.80,317,
Moliki Matavao,UCLA,TE,,,6055,260,32.50,9.50,,4.81,1.60,,,,32.5,0906,7.58,6.20,318,
Kain Medrano,UCLA,LB,,,6024,222,32.00,9.125,,4.46,,,,,38.0,1005,9.72,5.80,319,
Sean Martin,West Virginia,EDGE,,,6054,293,35.00,10.50,28,4.88,1.70,,,7.38,28.5,0904,6.79,5.30,320,
DeAndre Jules,South Carolina,DL,,,6035,316,34.25,8.625,,,,,,,,,,5.20,321,
Que Robinson,Alabama,EDGE,,,6042,243,33.50,9.50,,,,,,,,,,5.20,322,
Elijah Simmons,Tennessee,DL,,,6010,334,32.625,10.25,,5.37,1.88,,,,32.0,0810,3.49,5.20,323,